Model,Set,mAP50-95
Iteration 2,train,0.6977740083226424
Iteration 2,val,0.7137255424052485
Iteration 2,test,0.7793470001051922
Iteration 1,train,0.994841046965373
Iteration 1,val,0.3421581810049077
Iteration 1,test,0.27603105959364066
Simulated Annealing,train,0.6687823705519224
Simulated Annealing,val,0.7072656807320763
Simulated Annealing,test,0.7720687107725366
Baseline Model,train,0.9852714600425845
Baseline Model,val,0.21428266835331916
Baseline Model,test,0.1797319734253172
